"DESCRIPTION","DURATION IN MS","NAME","PARENT SUITE","START TIME","STATUS","STOP TIME","SUB SUITE","SUITE","TEST CLASS","TEST METHOD"
"","0","test_read_book_from_library","tests","2026-10-04","passed","2026-10-04","TestLibrary","test_usefixtures","",""
"","0","test_read_all_books_in_library","tests","2026-10-04","passed","2026-10-04","","test_usefixtures","",""
"","0","test_without_bug","tests","2026-10-04","passed","2026-10-04","","test_pytest_xfail","",""
"","0","test_multiplication_of_numbers[https://prod.company.com-debian]","tests","2026-10-04","passed","2026-10-04","","test_parametrization","",""
"","0","test_user_can_create_course","tests","2026-10-04","passed","2026-10-04","TestUserFlow","test_fixtures","",""
"","0","test_multiplication_of_numbers[https://stable.company.com-debian]","tests","2026-10-04","passed","2026-10-04","","test_parametrization","",""
"","20","test_create_course","tests.courses","2026-10-04","passed","2026-10-04","TestCourses","test_courses","",""
"","0","test_numbers[-1]","tests","2026-10-04","failed","2026-10-04","","test_parametrization","",""
"","11","test_get_courses","tests.courses","2026-10-04","passed","2026-10-04","TestCourses","test_courses","",""
"","0","test_several_numbers[1-1]","tests","2026-10-04","passed","2026-10-04","","test_parametrization","",""
"","0","test_multiplication_of_numbers[https://prod.company.com-macos]","tests","2026-10-04","passed","2026-10-04","","test_parametrization","",""
"","0","test_system_version_invalid","tests","2026-10-04","skipped","2026-10-04","","test_pytest_skipif","",""
"","0","test_user_without_operations[Zara]","tests","2026-10-04","passed","2026-10-04","TestOperations","test_parametrization","",""
"","0","test_host[https://stable.company.com]","tests","2026-10-04","passed","2026-10-04","","test_parametrization","",""
"","0","test_multiplication_of_numbers[https://dev.company.com-debian]","tests","2026-10-04","passed","2026-10-04","","test_parametrization","",""
"","0","test_assert_negative_case","tests","2026-10-04","failed","2026-10-04","","test_pytest","",""
"","0","test_identifiers[+70000000033: User with operations on bank account]","tests","2026-10-04","passed","2026-10-04","","test_parametrization","",""
"","10","test_update_exercise","tests.exercises","2026-10-04","passed","2026-10-04","TestExercises","test_exercises","",""
"","7","test_get_user_me","tests","2026-10-04","passed","2026-10-04","TestUsers","test_users","",""
"","0","test_identifiers[+70000000022: User without money on bank account]","tests","2026-10-04","passed","2026-10-04","","test_parametrization","",""
"","0","test_multiplication_of_numbers[https://dev.company.com-windows]","tests","2026-10-04","passed","2026-10-04","","test_parametrization","",""
"","0","test_multiplication_of_numbers[https://dev.company.com-linux]","tests","2026-10-04","passed","2026-10-04","","test_parametrization","",""
"","21","test_create_file_with_empty_directory","tests.files","2026-10-04","passed","2026-10-04","TestFiles","test_files","",""
"","0","test_first_try","tests","2026-10-04","passed","2026-10-04","","test_pytest","",""
"","0","test_feature_in_development","tests","2026-10-04","skipped","2026-10-04","","test_pytest_skip","",""
"","21","test_update_course","tests.courses","2026-10-04","passed","2026-10-04","TestCourses","test_courses","",""
"","0","test_numbers[1]","tests","2026-10-04","passed","2026-10-04","","test_parametrization","",""
"","0","test_user_without_operations[Alice]","tests","2026-10-04","passed","2026-10-04","TestOperations","test_parametrization","",""
"","11","test_delete_exercise","tests.exercises","2026-10-04","passed","2026-10-04","TestExercises","test_exercises","",""
"","0","test_host[https://dev.company.com]","tests","2026-10-04","passed","2026-10-04","","test_parametrization","",""
"","254","test_login","tests","2026-10-04","passed","2026-10-04","TestAuthentication","test_authentication","",""
"","0","test_external_services_is_unavailable","tests","2026-10-04","skipped","2026-10-04","","test_pytest_xfail","",""
"","1","test_multiplication_of_numbers[https://stable.company.com-macos]","tests","2026-10-04","passed","2026-10-04","","test_parametrization","",""
"","13","test_create_file","tests.files","2026-10-04","passed","2026-10-04","TestFiles","test_files","",""
"","7","test_get_file","tests.files","2026-10-04","passed","2026-10-04","TestFiles","test_files","",""
"","0","test_multiplication_of_numbers[https://stable.company.com-linux]","tests","2026-10-04","passed","2026-10-04","","test_parametrization","",""
"","0","test_multiplication_of_numbers[https://prod.company.com-linux]","tests","2026-10-04","passed","2026-10-04","","test_parametrization","",""
"","0","test_identifiers[+70000000011: User with money on bank account]","tests","2026-10-04","passed","2026-10-04","","test_parametrization","",""
"","0","test_system_version_valid","tests","2026-10-04","passed","2026-10-04","","test_pytest_skipif","",""
"","0","test_several_numbers[3-9]","tests","2026-10-04","passed","2026-10-04","","test_parametrization","",""
"","0","test_assert_positive_case","tests","2026-10-04","passed","2026-10-04","","test_pytest","",""
"","255","test_create_user[gmail.com]","tests","2026-10-04","passed","2026-10-04","TestUsers","test_users","",""
"","0","test_numbers[3]","tests","2026-10-04","passed","2026-10-04","","test_parametrization","",""
"","0","test_user_account","tests","2026-10-04","passed","2026-10-04","TestAccountFlow","test_fixtures","",""
"","0","test_delete_book_from_library","tests","2026-10-04","passed","2026-10-04","TestLibrary","test_usefixtures","",""
"","0","test_several_numbers[2-4]","tests","2026-10-04","passed","2026-10-04","","test_parametrization","",""
"","0","test_numbers[2]","tests","2026-10-04","passed","2026-10-04","","test_parametrization","",""
"","7","test_get_file_with_incorrect_file_id","tests.files","2026-10-04","passed","2026-10-04","TestFiles","test_files","",""
"","0","test_multiplication_of_numbers[https://dev.company.com-macos]","tests","2026-10-04","passed","2026-10-04","","test_parametrization","",""
"","0","test_user_with_operations[Zara]","tests","2026-10-04","passed","2026-10-04","TestOperations","test_parametrization","",""
"","0","test_multiplication_of_numbers[https://stable.company.com-windows]","tests","2026-10-04","passed","2026-10-04","","test_parametrization","",""
"","1","test_user_with_operations[Alice]","tests","2026-10-04","passed","2026-10-04","TestOperations","test_parametrization","",""
"","0","test_host[https://prod.company.com]","tests","2026-10-04","passed","2026-10-04","","test_parametrization","",""
"","8","test_get_exercise","tests.exercises","2026-10-04","passed","2026-10-04","TestExercises","test_exercises","",""
"","0","test_user_can_login","tests","2026-10-04","passed","2026-10-04","TestUserFlow","test_fixtures","",""
"","0","test_with_bug","tests","2026-10-04","skipped","2026-10-04","","test_pytest_xfail","",""
"","13","test_create_exercise","tests.exercises","2026-10-04","passed","2026-10-04","TestExercises","test_exercises","",""
"","9","test_create_file_with_empty_filename","tests.files","2026-10-04","passed","2026-10-04","TestFiles","test_files","",""
"","0","test_multiplication_of_numbers[https://prod.company.com-windows]","tests","2026-10-04","passed","2026-10-04","","test_parametrization","",""
"","248","test_create_user[example.com]","tests","2026-10-04","passed","2026-10-04","TestUsers","test_users","",""
"","14","test_delete_file","tests.files","2026-10-04","passed","2026-10-04","TestFiles","test_files","",""
"","258","test_create_user[mail.ru]","tests","2026-10-04","passed","2026-10-04","TestUsers","test_users","",""
